subscription_id,customer_id,plan_id,mrr,start_date,end_date,status
S000001,C10000,basic,49,2023-06-25,2025-09-01,active
S000002,C10001,basic,49,2023-07-16,2025-09-01,active
S000003,C10002,pro,199,2024-06-21,2025-01-20,changed
S000004,C10002,basic,49,2025-01-21,2025-09-01,active
S000005,C10003,pro,199,2024-05-17,2025-09-01,active
S000006,C10004,basic,49,2024-08-02,2025-09-01,active
S000007,C10005,pro,199,2023-07-31,2024-09-30,canceled
S000008,C10006,enterprise,899,2025-07-08,2025-09-01,active
S000009,C10007,basic,49,2024-09-07,2025-09-01,active
S000010,C10008,basic,49,2023-12-15,2024-12-15,canceled
S000011,C10009,basic,49,2023-07-05,2025-09-01,active
S000012,C10010,basic,49,2024-02-03,2024-05-03,canceled
S000013,C10011,pro,199,2024-06-19,2024-12-19,canceled
S000014,C10012,basic,49,2024-08-07,2025-02-06,changed
S000015,C10012,enterprise,899,2025-02-07,2025-09-01,active
S000016,C10013,basic,49,2023-12-12,2025-09-01,active
S000017,C10014,basic,49,2024-01-02,2025-09-01,active
S000018,C10015,pro,199,2024-07-08,2025-02-08,canceled
S000019,C10016,enterprise,899,2024-12-31,2025-09-01,active
S000020,C10017,pro,199,2025-06-23,2025-09-01,active
S000021,C10018,basic,49,2023-06-17,2025-09-01,active
S000022,C10019,enterprise,899,2023-03-10,2024-02-10,canceled
S000023,C10020,basic,49,2024-03-08,2025-09-01,active
S000024,C10021,enterprise,899,2025-06-14,2025-09-01,active
S000025,C10022,basic,49,2024-01-27,2025-09-01,active
S000026,C10023,basic,49,2025-07-29,2025-08-31,changed
S000027,C10023,basic,49,2025-09-01,2025-09-01,active
S000028,C10024,pro,199,2024-05-27,2025-09-01,active
S000029,C10025,pro,199,2023-03-17,2025-09-01,active
S000030,C10026,pro,199,2025-04-03,2025-09-01,active
S000031,C10027,basic,49,2023-09-08,2024-03-07,changed
S000032,C10027,enterprise,899,2024-03-08,2025-09-01,active
S000033,C10028,pro,199,2023-01-07,2023-09-06,changed
S000034,C10028,pro,199,2023-09-07,2025-09-01,active
S000035,C10029,basic,49,2025-02-26,2025-09-01,active
S000036,C10030,pro,199,2024-03-20,2025-09-01,active
S000037,C10031,pro,199,2023-02-14,2023-11-13,changed
S000038,C10031,enterprise,899,2023-11-14,2025-09-01,active
S000039,C10032,basic,49,2024-12-04,2025-09-01,active
S000040,C10033,pro,199,2023-11-22,2025-09-01,active
S000041,C10034,basic,49,2025-04-04,2025-06-04,canceled
S000042,C10035,basic,49,2023-06-02,2023-11-01,changed
S000043,C10035,enterprise,899,2023-11-02,2025-09-01,active
S000044,C10036,enterprise,899,2023-07-03,2024-01-02,changed
S000045,C10036,pro,199,2024-01-03,2025-09-01,active
S000046,C10037,basic,49,2025-08-07,2025-09-01,active
S000047,C10038,pro,199,2023-04-23,2025-09-01,active
S000048,C10039,pro,199,2025-02-02,2025-09-01,active
S000049,C10040,basic,49,2023-07-09,2025-09-01,active
S000050,C10041,pro,199,2025-08-18,2025-09-01,active
S000051,C10042,pro,199,2023-10-18,2024-12-18,canceled
S000052,C10043,enterprise,899,2023-11-09,2024-05-09,canceled
S000053,C10044,pro,199,2023-07-21,2025-09-01,active
S000054,C10045,basic,49,2024-04-07,2025-09-01,active
S000055,C10046,enterprise,899,2024-07-04,2025-09-01,active
S000056,C10047,basic,49,2025-02-11,2025-06-11,canceled
S000057,C10048,basic,49,2024-05-09,2025-09-01,active
S000058,C10049,pro,199,2023-05-18,2025-09-01,active
S000059,C10050,basic,49,2025-05-05,2025-09-01,active
S000060,C10051,basic,49,2024-04-28,2025-09-01,active
S000061,C10052,basic,49,2023-07-15,2025-09-01,active
S000062,C10053,pro,199,2023-03-14,2025-09-01,active
S000063,C10054,pro,199,2025-05-01,2025-09-01,active
S000064,C10055,pro,199,2025-08-02,2025-08-31,changed
S000065,C10055,pro,199,2025-09-01,2025-09-01,active
S000066,C10056,basic,49,2023-09-15,2025-09-01,active
S000067,C10057,basic,49,2024-12-05,2025-09-01,active
S000068,C10058,basic,49,2024-02-05,2025-04-05,canceled
S000069,C10059,pro,199,2024-01-10,2025-09-01,active
S000070,C10060,basic,49,2025-07-16,2025-09-01,active
S000071,C10061,basic,49,2023-12-16,2024-12-16,canceled
S000072,C10062,basic,49,2025-07-29,2025-09-01,active
S000073,C10063,pro,199,2024-08-27,2025-09-01,active
S000074,C10064,basic,49,2025-02-03,2025-09-01,active
S000075,C10065,pro,199,2024-08-06,2025-09-01,active
S000076,C10066,basic,49,2023-10-07,2025-09-01,active
S000077,C10067,pro,199,2024-06-06,2025-09-01,active
S000078,C10068,pro,199,2025-01-15,2025-09-01,active
S000079,C10069,basic,49,2025-03-14,2025-09-01,active
S000080,C10070,pro,199,2024-03-24,2024-10-24,canceled
S000081,C10071,enterprise,899,2023-11-14,2024-06-13,changed
S000082,C10071,pro,199,2024-06-14,2025-09-01,active
S000083,C10072,basic,49,2024-01-27,2024-09-26,changed
S000084,C10072,pro,199,2024-09-27,2025-09-01,active
S000085,C10073,basic,49,2023-06-01,2025-09-01,active
S000086,C10074,pro,199,2023-04-03,2025-09-01,active
S000087,C10075,basic,49,2025-01-29,2025-09-01,active
S000088,C10076,basic,49,2023-08-13,2024-08-13,canceled
S000089,C10077,basic,49,2024-10-23,2025-06-22,changed
S000090,C10077,enterprise,899,2025-06-23,2025-09-01,active
S000091,C10078,basic,49,2023-12-23,2024-07-22,changed
S000092,C10078,pro,199,2024-07-23,2025-09-01,active
S000093,C10079,enterprise,899,2025-07-20,2025-09-01,active
S000094,C10080,basic,49,2024-04-26,2025-09-01,active
S000095,C10081,basic,49,2024-08-02,2025-09-01,active
S000096,C10082,basic,49,2025-06-10,2025-09-01,active
S000097,C10083,basic,49,2023-08-08,2025-09-01,active
S000098,C10084,basic,49,2024-04-26,2025-09-01,active
S000099,C10085,basic,49,2023-01-20,2025-09-01,active
S000100,C10086,pro,199,2025-07-12,2025-08-31,changed
S000101,C10086,enterprise,899,2025-09-01,2025-09-01,active
S000102,C10087,basic,49,2024-05-31,2025-09-01,active
S000103,C10088,basic,49,2025-02-26,2025-07-25,changed
S000104,C10088,pro,199,2025-07-26,2025-09-01,active
S000105,C10089,enterprise,899,2023-02-03,2025-09-01,active
S000106,C10090,basic,49,2023-05-04,2023-10-04,canceled
S000107,C10091,basic,49,2023-10-14,2025-02-14,canceled
S000108,C10092,basic,49,2024-11-28,2025-09-01,active
S000109,C10093,basic,49,2025-01-11,2025-09-01,active
S000110,C10094,basic,49,2025-04-21,2025-09-01,active
S000111,C10095,pro,199,2025-06-14,2025-09-01,active
S000112,C10096,basic,49,2024-02-20,2024-11-19,changed
S000113,C10096,basic,49,2024-11-20,2025-09-01,active
S000114,C10097,basic,49,2023-05-11,2025-09-01,active
S000115,C10098,pro,199,2023-03-25,2024-05-25,canceled
S000116,C10099,pro,199,2025-08-04,2025-09-01,active
S000117,C10100,basic,49,2024-02-07,2025-09-01,active
S000118,C10101,basic,49,2023-01-22,2023-09-22,canceled
S000119,C10102,enterprise,899,2024-09-23,2025-09-01,active
S000120,C10103,enterprise,899,2024-08-02,2025-09-01,active
S000121,C10104,pro,199,2023-07-23,2025-09-01,active
S000122,C10105,pro,199,2025-08-12,2025-09-01,active
S000123,C10106,basic,49,2023-02-17,2024-05-17,canceled
S000124,C10107,enterprise,899,2025-02-23,2025-09-01,active
S000125,C10108,enterprise,899,2024-06-08,2025-04-07,changed
S000126,C10108,enterprise,899,2025-04-08,2025-09-01,active
S000127,C10109,pro,199,2023-12-16,2025-09-01,active
S000128,C10110,basic,49,2023-04-18,2023-07-18,canceled
S000129,C10111,basic,49,2025-01-15,2025-09-01,active
S000130,C10112,basic,49,2024-01-29,2024-06-29,canceled
S000131,C10113,pro,199,2025-04-24,2025-09-01,active
S000132,C10114,basic,49,2025-04-15,2025-09-01,active
S000133,C10115,basic,49,2024-09-14,2025-09-01,active
S000134,C10116,basic,49,2024-10-16,2024-12-16,canceled
S000135,C10117,basic,49,2024-09-28,2025-02-27,changed
S000136,C10117,pro,199,2025-02-28,2025-09-01,active
S000137,C10118,pro,199,2023-10-04,2025-09-01,active
S000138,C10119,basic,49,2023-11-06,2024-07-06,canceled
S000139,C10120,pro,199,2025-06-30,2025-09-01,active
S000140,C10121,pro,199,2025-04-07,2025-09-01,active
S000141,C10122,enterprise,899,2023-02-05,2025-09-01,active
S000142,C10123,pro,199,2025-03-27,2025-09-01,active
S000143,C10124,basic,49,2023-09-18,2024-03-17,changed
S000144,C10124,basic,49,2024-03-18,2025-09-01,active
S000145,C10125,pro,199,2025-03-22,2025-09-01,active
S000146,C10126,basic,49,2024-04-01,2025-09-01,active
S000147,C10127,basic,49,2024-04-19,2025-09-01,active
S000148,C10128,basic,49,2025-02-01,2025-04-01,canceled
S000149,C10129,basic,49,2024-07-20,2025-05-19,changed
S000150,C10129,basic,49,2025-05-20,2025-09-01,active
S000151,C10130,basic,49,2024-07-09,2024-11-09,canceled
S000152,C10131,basic,49,2023-08-04,2024-03-04,canceled
S000153,C10132,enterprise,899,2025-08-31,2025-09-01,active
S000154,C10133,basic,49,2024-03-10,2025-09-01,active
S000155,C10134,basic,49,2023-02-09,2023-11-08,changed
S000156,C10134,basic,49,2023-11-09,2025-09-01,active
S000157,C10135,basic,49,2023-05-12,2023-09-11,changed
S000158,C10135,pro,199,2023-09-12,2025-09-01,active
S000159,C10136,pro,199,2024-02-18,2024-12-18,canceled
S000160,C10137,basic,49,2025-06-27,2025-09-01,active
S000161,C10138,pro,199,2024-04-05,2024-09-05,canceled
S000162,C10139,pro,199,2025-04-27,2025-09-01,active
S000163,C10140,basic,49,2025-03-08,2025-09-01,active
S000164,C10141,enterprise,899,2024-10-10,2025-09-01,active
S000165,C10142,basic,49,2024-07-20,2025-04-19,changed
S000166,C10142,enterprise,899,2025-04-20,2025-09-01,active
S000167,C10143,pro,199,2024-11-09,2025-09-01,active
S000168,C10144,basic,49,2024-01-09,2024-09-08,changed
S000169,C10144,enterprise,899,2024-09-09,2025-09-01,active
S000170,C10145,basic,49,2024-12-11,2025-09-01,active
S000171,C10146,pro,199,2024-10-23,2025-09-01,active
S000172,C10147,basic,49,2023-02-14,2025-09-01,active
S000173,C10148,pro,199,2024-10-09,2025-09-01,active
S000174,C10149,pro,199,2024-12-22,2025-09-01,active
S000175,C10150,enterprise,899,2024-05-10,2025-09-01,active
S000176,C10151,basic,49,2023-07-17,2023-09-17,canceled
S000177,C10152,basic,49,2023-04-11,2025-09-01,active
S000178,C10153,pro,199,2023-06-30,2025-09-01,active
S000179,C10154,pro,199,2023-06-19,2025-09-01,active
S000180,C10155,pro,199,2023-01-30,2024-03-30,canceled
S000181,C10156,pro,199,2023-10-10,2025-03-10,canceled
S000182,C10157,pro,199,2025-04-12,2025-09-01,active
S000183,C10158,pro,199,2025-02-03,2025-09-01,active
S000184,C10159,basic,49,2023-07-10,2025-09-01,active
S000185,C10160,basic,49,2024-12-27,2025-08-31,changed
S000186,C10160,pro,199,2025-09-01,2025-09-01,active
S000187,C10161,pro,199,2025-01-08,2025-09-01,active
S000188,C10162,basic,49,2023-01-13,2025-09-01,active
S000189,C10163,pro,199,2024-10-08,2025-06-08,canceled
S000190,C10164,basic,49,2024-05-03,2025-08-03,canceled
S000191,C10165,basic,49,2025-07-19,2025-09-01,active
S000192,C10166,basic,49,2024-03-19,2025-09-01,active
S000193,C10167,basic,49,2023-04-17,2025-09-01,active
S000194,C10168,basic,49,2024-09-14,2025-09-01,active
S000195,C10169,pro,199,2025-06-03,2025-09-01,active
S000196,C10170,enterprise,899,2024-05-12,2025-06-12,canceled
S000197,C10171,basic,49,2023-12-16,2025-09-01,active
S000198,C10172,enterprise,899,2024-05-01,2025-02-01,canceled
S000199,C10173,enterprise,899,2023-08-23,2024-03-23,canceled
S000200,C10174,enterprise,899,2024-06-13,2024-09-12,changed
S000201,C10174,pro,199,2024-09-13,2025-09-01,active
S000202,C10175,basic,49,2023-01-06,2024-01-06,canceled
S000203,C10176,basic,49,2025-04-27,2025-09-01,active
S000204,C10177,basic,49,2023-02-19,2024-02-19,canceled
S000205,C10178,basic,49,2024-03-14,2024-09-14,canceled
S000206,C10179,basic,49,2023-11-29,2025-09-01,active
S000207,C10180,enterprise,899,2024-09-09,2025-09-01,active
S000208,C10181,pro,199,2023-07-02,2025-09-01,active
S000209,C10182,basic,49,2024-11-18,2025-09-01,active
S000210,C10183,enterprise,899,2024-02-26,2025-09-01,active
S000211,C10184,basic,49,2025-08-27,2025-09-01,active
S000212,C10185,pro,199,2024-08-22,2025-09-01,active
S000213,C10186,pro,199,2024-10-23,2025-09-01,active
S000214,C10187,basic,49,2023-09-18,2025-09-01,active
S000215,C10188,basic,49,2024-04-20,2025-09-01,active
S000216,C10189,pro,199,2024-08-11,2025-01-11,canceled
S000217,C10190,basic,49,2023-08-22,2025-09-01,active
S000218,C10191,enterprise,899,2023-11-28,2025-09-01,active
S000219,C10192,basic,49,2025-02-13,2025-09-01,active
S000220,C10193,pro,199,2025-06-07,2025-08-31,changed
S000221,C10193,basic,49,2025-09-01,2025-09-01,active
S000222,C10194,pro,199,2023-08-14,2025-09-01,active
S000223,C10195,enterprise,899,2024-04-14,2025-09-01,active
S000224,C10196,basic,49,2023-03-27,2025-09-01,active
S000225,C10197,basic,49,2024-11-01,2025-09-01,active
S000226,C10198,enterprise,899,2025-05-25,2025-08-31,changed
S000227,C10198,enterprise,899,2025-09-01,2025-09-01,active
S000228,C10199,basic,49,2024-04-21,2025-09-01,active
S000229,C10200,enterprise,899,2025-04-04,2025-09-01,active
S000230,C10201,basic,49,2025-03-30,2025-05-30,canceled
S000231,C10202,pro,199,2023-09-05,2025-09-01,active
S000232,C10203,basic,49,2023-07-03,2025-09-01,active
S000233,C10204,pro,199,2024-09-25,2025-02-24,changed
S000234,C10204,enterprise,899,2025-02-25,2025-09-01,active
S000235,C10205,pro,199,2025-06-27,2025-08-31,changed
S000236,C10205,pro,199,2025-09-01,2025-09-01,active
S000237,C10206,pro,199,2023-03-18,2024-08-18,canceled
S000238,C10207,basic,49,2025-05-27,2025-09-01,active
S000239,C10208,pro,199,2025-07-21,2025-09-01,active
S000240,C10209,basic,49,2024-12-12,2025-09-01,active
S000241,C10210,basic,49,2023-03-27,2024-07-27,canceled
S000242,C10211,enterprise,899,2024-11-29,2025-09-01,active
S000243,C10212,pro,199,2025-03-20,2025-08-31,changed
S000244,C10212,enterprise,899,2025-09-01,2025-09-01,active
S000245,C10213,pro,199,2023-08-19,2024-10-19,canceled
S000246,C10214,basic,49,2025-06-30,2025-09-01,active
S000247,C10215,enterprise,899,2025-03-22,2025-08-31,changed
S000248,C10215,basic,49,2025-09-01,2025-09-01,active
S000249,C10216,pro,199,2023-11-12,2024-10-11,changed
S000250,C10216,basic,49,2024-10-12,2025-09-01,active
S000251,C10217,basic,49,2025-04-30,2025-08-31,changed
S000252,C10217,basic,49,2025-09-01,2025-09-01,active
S000253,C10218,basic,49,2024-07-29,2025-09-01,active
S000254,C10219,basic,49,2025-07-13,2025-09-01,active
S000255,C10220,pro,199,2024-02-05,2025-09-01,active
S000256,C10221,basic,49,2025-06-20,2025-09-01,active
S000257,C10222,basic,49,2023-02-05,2023-05-04,changed
S000258,C10222,basic,49,2023-05-05,2025-09-01,active
S000259,C10223,basic,49,2024-08-12,2025-09-01,active
S000260,C10224,pro,199,2023-10-16,2025-09-01,active
S000261,C10225,enterprise,899,2024-09-21,2025-05-20,changed
S000262,C10225,enterprise,899,2025-05-21,2025-09-01,active
S000263,C10226,pro,199,2024-12-28,2025-09-01,active
S000264,C10227,enterprise,899,2023-06-11,2025-09-01,active
S000265,C10228,basic,49,2023-02-15,2025-09-01,active
S000266,C10229,enterprise,899,2025-07-25,2025-09-01,active
S000267,C10230,pro,199,2024-09-20,2025-09-01,active
S000268,C10231,pro,199,2024-04-20,2024-09-20,canceled
S000269,C10232,pro,199,2024-02-03,2025-09-01,active
S000270,C10233,basic,49,2023-02-15,2024-02-15,canceled
S000271,C10234,basic,49,2025-05-23,2025-09-01,active
S000272,C10235,basic,49,2023-02-12,2024-01-11,changed
S000273,C10235,basic,49,2024-01-12,2025-09-01,active
S000274,C10236,pro,199,2025-05-14,2025-09-01,active
S000275,C10237,basic,49,2023-10-18,2025-09-01,active
S000276,C10238,basic,49,2023-04-06,2025-09-01,active
S000277,C10239,pro,199,2025-05-30,2025-09-01,active
S000278,C10240,basic,49,2023-07-03,2024-11-03,canceled
S000279,C10241,basic,49,2023-08-19,2024-06-19,canceled
S000280,C10242,pro,199,2025-07-03,2025-09-01,active
S000281,C10243,pro,199,2023-09-23,2025-09-01,active
S000282,C10244,basic,49,2025-08-27,2025-09-01,active
S000283,C10245,pro,199,2023-09-27,2025-02-27,canceled
S000284,C10246,enterprise,899,2023-12-08,2025-09-01,active
S000285,C10247,basic,49,2025-07-28,2025-09-01,active
S000286,C10248,basic,49,2023-01-02,2023-06-02,canceled
S000287,C10249,basic,49,2023-10-15,2025-09-01,active
S000288,C10250,basic,49,2025-06-29,2025-09-01,active
S000289,C10251,basic,49,2023-07-28,2025-09-01,active
S000290,C10252,basic,49,2024-07-14,2025-09-01,active
S000291,C10253,enterprise,899,2024-10-27,2025-09-01,active
S000292,C10254,basic,49,2024-05-12,2025-09-01,active
S000293,C10255,basic,49,2023-06-11,2025-09-01,active
S000294,C10256,enterprise,899,2023-09-13,2024-02-12,changed
S000295,C10256,enterprise,899,2024-02-13,2025-09-01,active
S000296,C10257,pro,199,2023-12-05,2025-09-01,active
S000297,C10258,pro,199,2024-07-30,2025-09-01,active
S000298,C10259,basic,49,2024-04-06,2025-05-06,canceled
S000299,C10260,pro,199,2025-04-06,2025-09-01,active
S000300,C10261,basic,49,2023-09-24,2025-09-01,active
S000301,C10262,enterprise,899,2024-03-12,2025-09-01,active
S000302,C10263,pro,199,2024-05-21,2025-06-21,canceled
S000303,C10264,enterprise,899,2024-06-23,2025-09-01,active
S000304,C10265,enterprise,899,2023-06-06,2025-09-01,active
S000305,C10266,basic,49,2023-01-09,2025-09-01,active
S000306,C10267,pro,199,2025-01-29,2025-09-01,active
S000307,C10268,enterprise,899,2024-04-26,2024-07-25,changed
S000308,C10268,pro,199,2024-07-26,2025-09-01,active
S000309,C10269,basic,49,2024-09-04,2025-09-01,active
S000310,C10270,basic,49,2024-03-04,2025-09-01,active
S000311,C10271,basic,49,2025-02-05,2025-08-31,changed
S000312,C10271,basic,49,2025-09-01,2025-09-01,active
S000313,C10272,pro,199,2025-08-05,2025-08-31,changed
S000314,C10272,pro,199,2025-09-01,2025-09-01,active
S000315,C10273,basic,49,2025-04-02,2025-07-02,canceled
S000316,C10274,pro,199,2023-10-26,2025-09-01,active
S000317,C10275,pro,199,2023-12-15,2025-09-01,active
S000318,C10276,enterprise,899,2024-06-03,2025-09-01,active
S000319,C10277,basic,49,2025-01-23,2025-09-01,active
S000320,C10278,pro,199,2023-05-24,2024-02-23,changed
S000321,C10278,enterprise,899,2024-02-24,2025-09-01,active
S000322,C10279,basic,49,2024-10-02,2025-04-01,changed
S000323,C10279,pro,199,2025-04-02,2025-09-01,active
S000324,C10280,enterprise,899,2023-07-30,2025-09-01,active
S000325,C10281,enterprise,899,2023-08-20,2025-09-01,active
S000326,C10282,basic,49,2024-11-19,2025-09-01,active
S000327,C10283,enterprise,899,2024-03-24,2025-09-01,active
S000328,C10284,basic,49,2023-02-14,2025-09-01,active
S000329,C10285,basic,49,2024-06-05,2025-09-01,active
S000330,C10286,enterprise,899,2025-03-25,2025-09-01,active
S000331,C10287,pro,199,2024-03-16,2025-06-16,canceled
S000332,C10288,basic,49,2023-06-26,2025-09-01,active
S000333,C10289,basic,49,2024-10-01,2025-07-31,changed
S000334,C10289,enterprise,899,2025-08-01,2025-09-01,active
S000335,C10290,basic,49,2024-03-03,2025-09-01,active
S000336,C10291,basic,49,2024-06-01,2025-09-01,active
S000337,C10292,basic,49,2025-07-06,2025-09-01,active
S000338,C10293,basic,49,2023-05-25,2023-07-25,canceled
S000339,C10294,basic,49,2023-01-12,2025-09-01,active
S000340,C10295,basic,49,2025-05-24,2025-09-01,active
S000341,C10296,basic,49,2023-06-10,2023-12-09,changed
S000342,C10296,enterprise,899,2023-12-10,2025-09-01,active
S000343,C10297,basic,49,2025-03-19,2025-09-01,active
S000344,C10298,basic,49,2024-07-02,2025-09-01,active
S000345,C10299,pro,199,2023-03-11,2023-09-10,changed
S000346,C10299,enterprise,899,2023-09-11,2025-09-01,active
S000347,C10300,enterprise,899,2025-07-13,2025-09-01,active
S000348,C10301,basic,49,2023-12-30,2025-09-01,active
S000349,C10302,enterprise,899,2024-08-28,2025-02-27,changed
S000350,C10302,basic,49,2025-02-28,2025-09-01,active
S000351,C10303,enterprise,899,2023-02-19,2025-09-01,active
S000352,C10304,basic,49,2025-04-09,2025-08-31,changed
S000353,C10304,pro,199,2025-09-01,2025-09-01,active
S000354,C10305,basic,49,2024-01-02,2025-09-01,active
S000355,C10306,enterprise,899,2024-05-05,2025-09-01,active
S000356,C10307,basic,49,2024-03-12,2025-05-12,canceled
S000357,C10308,pro,199,2025-01-05,2025-09-01,active
S000358,C10309,pro,199,2024-10-09,2025-09-01,active
S000359,C10310,pro,199,2023-04-03,2023-10-02,changed
S000360,C10310,enterprise,899,2023-10-03,2025-09-01,active
S000361,C10311,pro,199,2024-05-10,2025-09-01,active
S000362,C10312,basic,49,2025-04-06,2025-09-01,active
S000363,C10313,basic,49,2024-11-21,2025-04-21,canceled
S000364,C10314,enterprise,899,2024-11-19,2025-02-18,changed
S000365,C10314,enterprise,899,2025-02-19,2025-09-01,active
S000366,C10315,basic,49,2025-04-26,2025-09-01,active
S000367,C10316,basic,49,2024-07-13,2025-09-01,active
S000368,C10317,basic,49,2024-09-30,2025-04-30,canceled
S000369,C10318,pro,199,2025-08-16,2025-09-01,active
S000370,C10319,basic,49,2024-04-06,2024-12-05,changed
S000371,C10319,basic,49,2024-12-06,2025-09-01,active
S000372,C10320,basic,49,2023-07-31,2025-09-01,active
S000373,C10321,basic,49,2023-04-16,2024-08-16,canceled
S000374,C10322,basic,49,2023-03-19,2023-09-18,changed
S000375,C10322,pro,199,2023-09-19,2025-09-01,active
S000376,C10323,basic,49,2024-06-20,2025-09-01,active
S000377,C10324,enterprise,899,2023-03-09,2024-06-09,canceled
S000378,C10325,basic,49,2025-06-22,2025-09-01,active
S000379,C10326,enterprise,899,2024-07-15,2025-09-01,active
S000380,C10327,basic,49,2024-05-05,2025-09-01,active
S000381,C10328,basic,49,2024-02-21,2024-08-21,canceled
S000382,C10329,pro,199,2023-02-03,2023-04-03,canceled
S000383,C10330,enterprise,899,2023-11-28,2025-09-01,active
S000384,C10331,basic,49,2025-05-09,2025-09-01,active
S000385,C10332,basic,49,2023-03-10,2025-09-01,active
S000386,C10333,pro,199,2023-08-19,2024-05-18,changed
S000387,C10333,basic,49,2024-05-19,2025-09-01,active
S000388,C10334,enterprise,899,2024-08-30,2025-09-01,active
S000389,C10335,enterprise,899,2024-09-29,2025-09-01,active
S000390,C10336,basic,49,2025-02-02,2025-07-01,changed
S000391,C10336,basic,49,2025-07-02,2025-09-01,active
S000392,C10337,basic,49,2024-07-27,2025-09-01,active
S000393,C10338,basic,49,2025-05-12,2025-07-12,canceled
S000394,C10339,basic,49,2023-03-20,2025-09-01,active
S000395,C10340,pro,199,2025-05-26,2025-08-31,changed
S000396,C10340,pro,199,2025-09-01,2025-09-01,active
S000397,C10341,basic,49,2024-03-03,2024-12-02,changed
S000398,C10341,enterprise,899,2024-12-03,2025-09-01,active
S000399,C10342,basic,49,2024-08-11,2025-09-01,active
S000400,C10343,basic,49,2024-02-05,2024-07-04,changed
S000401,C10343,basic,49,2024-07-05,2025-09-01,active
S000402,C10344,enterprise,899,2024-01-05,2025-09-01,active
S000403,C10345,basic,49,2024-09-26,2025-09-01,active
S000404,C10346,basic,49,2024-02-15,2024-07-14,changed
S000405,C10346,enterprise,899,2024-07-15,2025-09-01,active
S000406,C10347,pro,199,2024-01-16,2025-09-01,active
S000407,C10348,basic,49,2025-05-15,2025-07-15,canceled
S000408,C10349,basic,49,2024-06-04,2025-09-01,active
S000409,C10350,enterprise,899,2024-11-23,2025-09-01,active
S000410,C10351,basic,49,2024-08-29,2025-09-01,active
S000411,C10352,pro,199,2025-05-15,2025-09-01,active
S000412,C10353,basic,49,2024-12-20,2025-09-01,active
S000413,C10354,basic,49,2024-02-11,2025-09-01,active
S000414,C10355,pro,199,2023-07-04,2025-09-01,active
S000415,C10356,basic,49,2023-07-01,2024-02-01,canceled
S000416,C10357,pro,199,2024-06-30,2025-09-01,active
S000417,C10358,pro,199,2025-02-19,2025-09-01,active
S000418,C10359,enterprise,899,2023-09-18,2023-12-18,canceled
S000419,C10360,basic,49,2023-02-14,2025-09-01,active
S000420,C10361,pro,199,2023-11-08,2025-09-01,active
S000421,C10362,pro,199,2023-10-04,2025-09-01,active
S000422,C10363,pro,199,2025-03-22,2025-09-01,active
S000423,C10364,basic,49,2024-03-09,2025-09-01,active
S000424,C10365,basic,49,2023-10-02,2025-09-01,active
S000425,C10366,basic,49,2023-07-04,2025-09-01,active
S000426,C10367,basic,49,2024-10-23,2025-09-01,active
S000427,C10368,basic,49,2025-08-04,2025-09-01,active
S000428,C10369,pro,199,2023-05-02,2025-09-01,active
S000429,C10370,basic,49,2024-02-11,2025-09-01,active
S000430,C10371,basic,49,2023-01-19,2025-09-01,active
S000431,C10372,basic,49,2025-08-23,2025-09-01,active
S000432,C10373,pro,199,2025-05-21,2025-09-01,active
S000433,C10374,enterprise,899,2023-09-05,2025-09-01,active
S000434,C10375,pro,199,2023-01-06,2023-06-06,canceled
S000435,C10376,basic,49,2024-10-07,2025-09-01,active
S000436,C10377,basic,49,2025-04-18,2025-09-01,active
S000437,C10378,basic,49,2024-04-24,2025-09-01,active
S000438,C10379,basic,49,2023-06-07,2025-09-01,active
S000439,C10380,basic,49,2024-02-05,2025-02-05,canceled
S000440,C10381,basic,49,2025-07-27,2025-08-31,changed
S000441,C10381,pro,199,2025-09-01,2025-09-01,active
S000442,C10382,basic,49,2023-09-04,2025-09-01,active
S000443,C10383,basic,49,2025-07-31,2025-09-01,active
S000444,C10384,enterprise,899,2023-03-10,2025-09-01,active
S000445,C10385,basic,49,2023-08-27,2024-07-26,changed
S000446,C10385,basic,49,2024-07-27,2025-09-01,active
S000447,C10386,enterprise,899,2023-04-13,2025-09-01,active
S000448,C10387,basic,49,2024-12-18,2025-09-01,active
S000449,C10388,basic,49,2024-03-26,2024-06-25,changed
S000450,C10388,basic,49,2024-06-26,2025-09-01,active
S000451,C10389,basic,49,2025-06-27,2025-09-01,active
S000452,C10390,basic,49,2025-04-02,2025-09-01,active
S000453,C10391,basic,49,2023-03-30,2025-09-01,active
S000454,C10392,pro,199,2023-04-02,2025-09-01,active
S000455,C10393,basic,49,2024-03-15,2025-09-01,active
S000456,C10394,pro,199,2023-01-17,2025-09-01,active
S000457,C10395,basic,49,2024-05-09,2025-09-01,active
S000458,C10396,pro,199,2024-01-16,2025-09-01,active
S000459,C10397,basic,49,2024-10-07,2025-08-06,changed
S000460,C10397,enterprise,899,2025-08-07,2025-09-01,active
S000461,C10398,basic,49,2023-04-15,2024-02-15,canceled
S000462,C10399,basic,49,2024-08-28,2025-07-28,canceled
S000463,C10400,basic,49,2023-03-15,2023-11-15,canceled
S000464,C10401,basic,49,2024-03-04,2025-09-01,active
S000465,C10402,pro,199,2024-11-26,2025-09-01,active
S000466,C10403,pro,199,2023-10-23,2025-02-23,canceled
S000467,C10404,pro,199,2023-07-26,2023-09-26,canceled
S000468,C10405,pro,199,2025-08-24,2025-09-01,active
S000469,C10406,pro,199,2023-07-10,2025-09-01,active
S000470,C10407,enterprise,899,2024-01-22,2025-09-01,active
S000471,C10408,basic,49,2024-07-03,2025-09-01,active
S000472,C10409,basic,49,2023-12-09,2024-05-09,canceled
S000473,C10410,enterprise,899,2023-08-30,2024-09-30,canceled
S000474,C10411,basic,49,2025-03-25,2025-07-25,canceled
S000475,C10412,pro,199,2023-09-23,2023-12-23,canceled
S000476,C10413,pro,199,2024-11-06,2025-09-01,active
S000477,C10414,basic,49,2024-06-11,2025-09-01,active
S000478,C10415,pro,199,2025-07-05,2025-09-01,active
S000479,C10416,enterprise,899,2024-11-03,2025-09-01,active
S000480,C10417,pro,199,2025-05-17,2025-08-17,canceled
S000481,C10418,pro,199,2025-07-06,2025-09-01,active
S000482,C10419,pro,199,2023-07-18,2025-09-01,active
S000483,C10420,basic,49,2024-04-13,2025-09-01,active
S000484,C10421,pro,199,2025-06-15,2025-09-01,active
S000485,C10422,pro,199,2023-08-01,2025-09-01,active
S000486,C10423,pro,199,2024-06-29,2025-09-01,active
S000487,C10424,pro,199,2024-06-17,2025-09-01,active
S000488,C10425,pro,199,2025-04-14,2025-09-01,active
S000489,C10426,pro,199,2023-09-25,2025-09-01,active
S000490,C10427,enterprise,899,2023-10-31,2025-09-01,active
S000491,C10428,pro,199,2023-05-20,2025-09-01,active
S000492,C10429,pro,199,2023-02-06,2025-09-01,active
S000493,C10430,basic,49,2024-04-01,2025-09-01,active
S000494,C10431,basic,49,2025-01-19,2025-05-19,canceled
S000495,C10432,basic,49,2024-11-14,2025-09-01,active
S000496,C10433,basic,49,2025-02-04,2025-06-03,changed
S000497,C10433,basic,49,2025-06-04,2025-09-01,active
S000498,C10434,basic,49,2024-12-12,2025-08-31,changed
S000499,C10434,pro,199,2025-09-01,2025-09-01,active
S000500,C10435,pro,199,2025-04-01,2025-09-01,active
S000501,C10436,pro,199,2025-02-14,2025-09-01,active
S000502,C10437,pro,199,2024-02-10,2025-09-01,active
S000503,C10438,pro,199,2023-05-07,2025-09-01,active
S000504,C10439,basic,49,2023-10-03,2025-09-01,active
S000505,C10440,basic,49,2025-05-04,2025-09-01,active
S000506,C10441,pro,199,2023-10-29,2024-02-29,canceled
S000507,C10442,pro,199,2024-03-10,2025-02-09,changed
S000508,C10442,enterprise,899,2025-02-10,2025-09-01,active
S000509,C10443,enterprise,899,2023-08-16,2025-09-01,active
S000510,C10444,basic,49,2025-06-13,2025-09-01,active
S000511,C10445,pro,199,2025-04-29,2025-09-01,active
S000512,C10446,pro,199,2024-06-29,2024-12-28,changed
S000513,C10446,pro,199,2024-12-29,2025-09-01,active
S000514,C10447,basic,49,2025-02-15,2025-09-01,active
S000515,C10448,basic,49,2025-06-03,2025-09-01,active
S000516,C10449,basic,49,2024-12-20,2025-09-01,active
S000517,C10450,pro,199,2025-08-28,2025-09-01,active
S000518,C10451,basic,49,2025-02-25,2025-08-31,changed
S000519,C10451,enterprise,899,2025-09-01,2025-09-01,active
S000520,C10452,pro,199,2024-03-19,2025-09-01,active
S000521,C10453,basic,49,2024-08-16,2025-05-16,canceled
S000522,C10454,pro,199,2023-04-14,2024-05-14,canceled
S000523,C10455,basic,49,2025-06-15,2025-09-01,active
S000524,C10456,enterprise,899,2024-08-07,2025-09-01,active
S000525,C10457,basic,49,2025-06-28,2025-09-01,active
S000526,C10458,basic,49,2023-06-02,2025-09-01,active
S000527,C10459,pro,199,2023-09-26,2024-03-25,changed
S000528,C10459,basic,49,2024-03-26,2025-09-01,active
S000529,C10460,basic,49,2024-11-20,2025-09-01,active
S000530,C10461,basic,49,2023-08-15,2024-03-14,changed
S000531,C10461,pro,199,2024-03-15,2025-09-01,active
S000532,C10462,pro,199,2023-07-15,2025-09-01,active
S000533,C10463,pro,199,2023-05-05,2025-09-01,active
S000534,C10464,pro,199,2024-08-31,2025-03-30,changed
S000535,C10464,basic,49,2025-03-31,2025-09-01,active
S000536,C10465,basic,49,2024-12-31,2025-08-30,changed
S000537,C10465,basic,49,2025-08-31,2025-09-01,active
S000538,C10466,basic,49,2023-12-04,2024-09-04,canceled
S000539,C10467,enterprise,899,2024-12-16,2025-09-01,active
S000540,C10468,basic,49,2023-05-10,2025-09-01,active
S000541,C10469,basic,49,2025-03-16,2025-08-31,changed
S000542,C10469,pro,199,2025-09-01,2025-09-01,active
S000543,C10470,basic,49,2025-03-16,2025-09-01,active
S000544,C10471,pro,199,2025-08-08,2025-09-01,active
S000545,C10472,basic,49,2024-05-11,2025-09-01,active
S000546,C10473,basic,49,2025-08-27,2025-08-31,changed
S000547,C10473,basic,49,2025-09-01,2025-09-01,active
S000548,C10474,enterprise,899,2025-05-09,2025-08-31,changed
S000549,C10474,enterprise,899,2025-09-01,2025-09-01,active
S000550,C10475,basic,49,2024-12-24,2025-06-23,changed
S000551,C10475,basic,49,2025-06-24,2025-09-01,active
S000552,C10476,enterprise,899,2024-07-09,2025-09-01,active
S000553,C10477,basic,49,2023-06-28,2024-10-28,canceled
S000554,C10478,basic,49,2025-05-02,2025-08-31,changed
S000555,C10478,enterprise,899,2025-09-01,2025-09-01,active
S000556,C10479,enterprise,899,2023-07-14,2023-11-13,changed
S000557,C10479,pro,199,2023-11-14,2025-09-01,active
S000558,C10480,enterprise,899,2023-04-22,2023-12-22,canceled
S000559,C10481,basic,49,2023-05-17,2025-09-01,active
S000560,C10482,enterprise,899,2025-02-01,2025-09-01,active
S000561,C10483,enterprise,899,2024-07-28,2025-09-01,active
S000562,C10484,basic,49,2023-03-26,2025-09-01,active
S000563,C10485,basic,49,2023-11-10,2024-02-09,changed
S000564,C10485,enterprise,899,2024-02-10,2025-09-01,active
S000565,C10486,pro,199,2024-01-19,2025-09-01,active
S000566,C10487,enterprise,899,2025-08-02,2025-09-01,active
S000567,C10488,basic,49,2024-04-03,2025-01-03,canceled
S000568,C10489,pro,199,2023-06-10,2025-09-01,active
S000569,C10490,pro,199,2023-09-12,2025-09-01,active
S000570,C10491,enterprise,899,2025-06-09,2025-09-01,active
S000571,C10492,pro,199,2025-01-19,2025-08-31,changed
S000572,C10492,basic,49,2025-09-01,2025-09-01,active
S000573,C10493,basic,49,2025-04-14,2025-09-01,active
S000574,C10494,enterprise,899,2025-07-07,2025-09-01,active
S000575,C10495,basic,49,2025-06-11,2025-09-01,active
S000576,C10496,basic,49,2024-12-08,2025-05-07,changed
S000577,C10496,pro,199,2025-05-08,2025-09-01,active
S000578,C10497,pro,199,2025-07-26,2025-08-31,changed
S000579,C10497,pro,199,2025-09-01,2025-09-01,active
S000580,C10498,basic,49,2023-01-29,2025-09-01,active
S000581,C10499,basic,49,2024-11-24,2025-06-24,canceled
